analyte,unit,n,min,mean,sd,cv,max
Ca,µmolL,14,8.982484155896001,60.828527229046216,41.19185824376063,0.6771799371149514,135.4858026847647
Cl,µmolL,14,20.13933940710236,96.48891288667893,52.17632358353362,0.5407494190012476,197.44450399119958
K,µmolL,13,9.77536107708008,27.475619144566384,21.298182451988513,0.7751666064347988,82.7913234079231
Mg,µmolL,13,4.5916478090927795,12.920418400772238,5.438583245948601,0.420929344333272,24.686278543509562
N,µmolL,16,0,90.66552971078127,52.473203304175705,0.57875582342664,205.35029664374906
Na,µmolL,15,15.606941696241414,94.83377461656497,70.0819080533303,0.738997349168983,260.98564709433805
S,µmolL,16,16.167160455325124,44.641898144394204,24.22078492747615,0.5425572373543354,88.47029471386249
