analyte,unit,n,min,mean,sd,cv,max
Ca,mgL,13,0.36,0.36,1.4659796031742998,4.072165564373055,5.0024
Cl,mgL,11,0.714,0.714,1.190886268518306,1.6679079391012688,4.046
K,mgL,11,0.38220000000000004,0.38220000000000004,0.2792301649991536,0.7305865122950119,1.2
Mg,mgL,7,0.1116,0.1116,0.059158093275561215,0.5300904415372868,0.28800000000000003
NH4,mgL,12,0.01,0.01,0.6609723720329838,66.09723720329838,2.214
NO3,mgL,11,0.992,0.992,0.36639330184429353,0.36934808653658624,2.1637999999999997
Na,mgL,14,0.3588,0.3588,1.262141112193051,3.5176731109059394,4.5172
SO4,mgL,12,1.728,1.728,1.6864556471027967,0.9759581291104148,6.144
